1,Corso di ceramica,"Lorem ipsum dolor sit amet consectetur adipisicing elit. Et minima sunt quia nulla voluptate, illum eum incidunt repudiandae beatae, vero accusantium minus hic eveniet omnis laborum architecto inventore dolores molestias? Placeat sequi sapiente hic culpa optio quisquam est fugiat dolorem itaque non, quasi cum voluptates quidem repudiandae doloribus? Autem mollitia esse odio nihil atque non ea quisquam consequuntur exercitationem? Amet! Non ut itaque qui tempore illum! Amet, accusamus minima. Ut rerum praesentium obcaecati sint, accusantium maxime odio voluptatibus quaerat repudiandae corrupti magnam, non perferendis. Officia recusandae delectus dolor quidem reprehenderit! Dolores eos eveniet quod molestiae praesentium earum fugit similique fugiat? Molestias veniam eos enim! Ad, id. Rem similique explicabo deleniti possimus facilis rerum deserunt minus aperiam suscipit! Ipsa, id laudantium. Rem distinctio ex magni unde doloremque a, quae nesciunt, obcaecati animi perspiciatis earum, vel consectetur pariatur tempora dicta. Quos architecto delectus, quis nostrum repudiandae molestiae quas distinctio atque cupiditate temporibus? Deserunt optio molestias alias aspernatur. Ducimus veniam quibusdam, sit saepe illum officiis obcaecati dolore atque totam consequatur exercitationem facilis similique magnam esse et consectetur non temporibus pariatur quae culpa iure? Asperiores reprehenderit, dolores rerum, impedit perferendis voluptatem vero aspernatur odit ipsa possimus nobis. Corrupti harum velit, totam delectus perspiciatis aut necessitatibus odio quasi quisquam, suscipit culpa laborum numquam, voluptatibus vel. Omnis minima quam explicabo deleniti quos accusamus magni provident soluta ex molestias impedit commodi reiciendis, enim rem assumenda sunt pariatur minus praesentium, exercitationem porro dolor. A nam esse recusandae id?",/Courses/1.jpg,Severino Padovano,tutor@example.com,4.4,11.99,USD,10.99,USD
2,Chitarra per principianti,"Lorem ipsum dolor sit amet consectetur adipisicing elit. Et minima sunt quia nulla voluptate, illum eum incidunt repudiandae beatae, vero accusantium minus hic eveniet omnis laborum architecto inventore dolores molestias? Placeat sequi sapiente hic culpa optio quisquam est fugiat dolorem itaque non, quasi cum voluptates quidem repudiandae doloribus? Autem mollitia esse odio nihil atque non ea quisquam consequuntur exercitationem? Amet! Non ut itaque qui tempore illum! Amet, accusamus minima. Ut rerum praesentium obcaecati sint, accusantium maxime odio voluptatibus quaerat repudiandae corrupti magnam, non perferendis. Officia recusandae delectus dolor quidem reprehenderit! Dolores eos eveniet quod molestiae praesentium earum fugit similique fugiat? Molestias veniam eos enim! Ad, id. Rem similique explicabo deleniti possimus facilis rerum deserunt minus aperiam suscipit! Ipsa, id laudantium. Rem distinctio ex magni unde doloremque a, quae nesciunt, obcaecati animi perspiciatis earum, vel consectetur pariatur tempora dicta. Quos architecto delectus, quis nostrum repudiandae molestiae quas distinctio atque cupiditate temporibus? Deserunt optio molestias alias aspernatur. Ducimus veniam quibusdam, sit saepe illum officiis obcaecati dolore atque totam consequatur exercitationem facilis similique magnam esse et consectetur non temporibus pariatur quae culpa iure? Asperiores reprehenderit, dolores rerum, impedit perferendis voluptatem vero aspernatur odit ipsa possimus nobis. Corrupti harum velit, totam delectus perspiciatis aut necessitatibus odio quasi quisquam, suscipit culpa laborum numquam, voluptatibus vel. Omnis minima quam explicabo deleniti quos accusamus magni provident soluta ex molestias impedit commodi reiciendis, enim rem assumenda sunt pariatur minus praesentium, exercitationem porro dolor. A nam esse recusandae id?",/Courses/2.jpg,Filiberta Castiglione,tutor@example.com,2.4,14.99,EUR,13.99,EUR
3,Chitarra: livello avanzato,"Lorem ipsum dolor sit amet consectetur adipisicing elit. Et minima sunt quia nulla voluptate, illum eum incidunt repudiandae beatae, vero accusantium minus hic eveniet omnis laborum architecto inventore dolores molestias? Placeat sequi sapiente hic culpa optio quisquam est fugiat dolorem itaque non, quasi cum voluptates quidem repudiandae doloribus? Autem mollitia esse odio nihil atque non ea quisquam consequuntur exercitationem? Amet! Non ut itaque qui tempore illum! Amet, accusamus minima. Ut rerum praesentium obcaecati sint, accusantium maxime odio voluptatibus quaerat repudiandae corrupti magnam, non perferendis. Officia recusandae delectus dolor quidem reprehenderit! Dolores eos eveniet quod molestiae praesentium earum fugit similique fugiat? Molestias veniam eos enim! Ad, id. Rem similique explicabo deleniti possimus facilis rerum deserunt minus aperiam suscipit! Ipsa, id laudantium. Rem distinctio ex magni unde doloremque a, quae nesciunt, obcaecati animi perspiciatis earum, vel consectetur pariatur tempora dicta. Quos architecto delectus, quis nostrum repudiandae molestiae quas distinctio atque cupiditate temporibus? Deserunt optio molestias alias aspernatur. Ducimus veniam quibusdam, sit saepe illum officiis obcaecati dolore atque totam consequatur exercitationem facilis similique magnam esse et consectetur non temporibus pariatur quae culpa iure? Asperiores reprehenderit, dolores rerum, impedit perferendis voluptatem vero aspernatur odit ipsa possimus nobis. Corrupti harum velit, totam delectus perspiciatis aut necessitatibus odio quasi quisquam, suscipit culpa laborum numquam, voluptatibus vel. Omnis minima quam explicabo deleniti quos accusamus magni provident soluta ex molestias impedit commodi reiciendis, enim rem assumenda sunt pariatur minus praesentium, exercitationem porro dolor. A nam esse recusandae id?",/Courses/3.jpg,Guglielma Rivo,tutor@example.com,3.9,10.99,EUR,10.99,EUR
4,Impariamo a cucinare,"Lorem ipsum dolor sit amet consectetur adipisicing elit. Et minima sunt quia nulla voluptate, illum eum incidunt repudiandae beatae, vero accusantium minus hic eveniet omnis laborum architecto inventore dolores molestias? Placeat sequi sapiente hic culpa optio quisquam est fugiat dolorem itaque non, quasi cum voluptates quidem repudiandae doloribus? Autem mollitia esse odio nihil atque non ea quisquam consequuntur exercitationem? Amet! Non ut itaque qui tempore illum! Amet, accusamus minima. Ut rerum praesentium obcaecati sint, accusantium maxime odio voluptatibus quaerat repudiandae corrupti magnam, non perferendis. Officia recusandae delectus dolor quidem reprehenderit! Dolores eos eveniet quod molestiae praesentium earum fugit similique fugiat? Molestias veniam eos enim! Ad, id. Rem similique explicabo deleniti possimus facilis rerum deserunt minus aperiam suscipit! Ipsa, id laudantium. Rem distinctio ex magni unde doloremque a, quae nesciunt, obcaecati animi perspiciatis earum, vel consectetur pariatur tempora dicta. Quos architecto delectus, quis nostrum repudiandae molestiae quas distinctio atque cupiditate temporibus? Deserunt optio molestias alias aspernatur. Ducimus veniam quibusdam, sit saepe illum officiis obcaecati dolore atque totam consequatur exercitationem facilis similique magnam esse et consectetur non temporibus pariatur quae culpa iure? Asperiores reprehenderit, dolores rerum, impedit perferendis voluptatem vero aspernatur odit ipsa possimus nobis. Corrupti harum velit, totam delectus perspiciatis aut necessitatibus odio quasi quisquam, suscipit culpa laborum numquam, voluptatibus vel. Omnis minima quam explicabo deleniti quos accusamus magni provident soluta ex molestias impedit commodi reiciendis, enim rem assumenda sunt pariatur minus praesentium, exercitationem porro dolor. A nam esse recusandae id?",/Courses/4.jpg,Elvira Piccio,tutor@example.com,3.7,29.99,EUR,25.99,EUR
5,Idraulica per tutti,"Lorem ipsum dolor sit amet consectetur adipisicing elit. Et minima sunt quia nulla voluptate, illum eum incidunt repudiandae beatae, vero accusantium minus hic eveniet omnis laborum architecto inventore dolores molestias? Placeat sequi sapiente hic culpa optio quisquam est fugiat dolorem itaque non, quasi cum voluptates quidem repudiandae doloribus? Autem mollitia esse odio nihil atque non ea quisquam consequuntur exercitationem? Amet! Non ut itaque qui tempore illum! Amet, accusamus minima. Ut rerum praesentium obcaecati sint, accusantium maxime odio voluptatibus quaerat repudiandae corrupti magnam, non perferendis. Officia recusandae delectus dolor quidem reprehenderit! Dolores eos eveniet quod molestiae praesentium earum fugit similique fugiat? Molestias veniam eos enim! Ad, id. Rem similique explicabo deleniti possimus facilis rerum deserunt minus aperiam suscipit! Ipsa, id laudantium. Rem distinctio ex magni unde doloremque a, quae nesciunt, obcaecati animi perspiciatis earum, vel consectetur pariatur tempora dicta. Quos architecto delectus, quis nostrum repudiandae molestiae quas distinctio atque cupiditate temporibus? Deserunt optio molestias alias aspernatur. Ducimus veniam quibusdam, sit saepe illum officiis obcaecati dolore atque totam consequatur exercitationem facilis similique magnam esse et consectetur non temporibus pariatur quae culpa iure? Asperiores reprehenderit, dolores rerum, impedit perferendis voluptatem vero aspernatur odit ipsa possimus nobis. Corrupti harum velit, totam delectus perspiciatis aut necessitatibus odio quasi quisquam, suscipit culpa laborum numquam, voluptatibus vel. Omnis minima quam explicabo deleniti quos accusamus magni provident soluta ex molestias impedit commodi reiciendis, enim rem assumenda sunt pariatur minus praesentium, exercitationem porro dolor. A nam esse recusandae id?",/Courses/5.jpg,Sandro Longo,tutor@example.com,4,19.99,EUR,19.99,EUR
6,L'ABC del fai da te,"Lorem ipsum dolor sit amet consectetur adipisicing elit. Et minima sunt quia nulla voluptate, illum eum incidunt repudiandae beatae, vero accusantium minus hic eveniet omnis laborum architecto inventore dolores molestias? Placeat sequi sapiente hic culpa optio quisquam est fugiat dolorem itaque non, quasi cum voluptates quidem repudiandae doloribus? Autem mollitia esse odio nihil atque non ea quisquam consequuntur exercitationem? Amet! Non ut itaque qui tempore illum! Amet, accusamus minima. Ut rerum praesentium obcaecati sint, accusantium maxime odio voluptatibus quaerat repudiandae corrupti magnam, non perferendis. Officia recusandae delectus dolor quidem reprehenderit! Dolores eos eveniet quod molestiae praesentium earum fugit similique fugiat? Molestias veniam eos enim! Ad, id. Rem similique explicabo deleniti possimus facilis rerum deserunt minus aperiam suscipit! Ipsa, id laudantium. Rem distinctio ex magni unde doloremque a, quae nesciunt, obcaecati animi perspiciatis earum, vel consectetur pariatur tempora dicta. Quos architecto delectus, quis nostrum repudiandae molestiae quas distinctio atque cupiditate temporibus? Deserunt optio molestias alias aspernatur. Ducimus veniam quibusdam, sit saepe illum officiis obcaecati dolore atque totam consequatur exercitationem facilis similique magnam esse et consectetur non temporibus pariatur quae culpa iure? Asperiores reprehenderit, dolores rerum, impedit perferendis voluptatem vero aspernatur odit ipsa possimus nobis. Corrupti harum velit, totam delectus perspiciatis aut necessitatibus odio quasi quisquam, suscipit culpa laborum numquam, voluptatibus vel. Omnis minima quam explicabo deleniti quos accusamus magni provident soluta ex molestias impedit commodi reiciendis, enim rem assumenda sunt pariatur minus praesentium, exercitationem porro dolor. A nam esse recusandae id?",/Courses/6.jpg,Salvatore Marino,tutor@example.com,4.8,7.99,EUR,7.99,EUR
7,Corso di Inglese business,"Lorem ipsum dolor sit amet consectetur adipisicing elit. Et minima sunt quia nulla voluptate, illum eum incidunt repudiandae beatae, vero accusantium minus hic eveniet omnis laborum architecto inventore dolores molestias? Placeat sequi sapiente hic culpa optio quisquam est fugiat dolorem itaque non, quasi cum voluptates quidem repudiandae doloribus? Autem mollitia esse odio nihil atque non ea quisquam consequuntur exercitationem? Amet! Non ut itaque qui tempore illum! Amet, accusamus minima. Ut rerum praesentium obcaecati sint, accusantium maxime odio voluptatibus quaerat repudiandae corrupti magnam, non perferendis. Officia recusandae delectus dolor quidem reprehenderit! Dolores eos eveniet quod molestiae praesentium earum fugit similique fugiat? Molestias veniam eos enim! Ad, id. Rem similique explicabo deleniti possimus facilis rerum deserunt minus aperiam suscipit! Ipsa, id laudantium. Rem distinctio ex magni unde doloremque a, quae nesciunt, obcaecati animi perspiciatis earum, vel consectetur pariatur tempora dicta. Quos architecto delectus, quis nostrum repudiandae molestiae quas distinctio atque cupiditate temporibus? Deserunt optio molestias alias aspernatur. Ducimus veniam quibusdam, sit saepe illum officiis obcaecati dolore atque totam consequatur exercitationem facilis similique magnam esse et consectetur non temporibus pariatur quae culpa iure? Asperiores reprehenderit, dolores rerum, impedit perferendis voluptatem vero aspernatur odit ipsa possimus nobis. Corrupti harum velit, totam delectus perspiciatis aut necessitatibus odio quasi quisquam, suscipit culpa laborum numquam, voluptatibus vel. Omnis minima quam explicabo deleniti quos accusamus magni provident soluta ex molestias impedit commodi reiciendis, enim rem assumenda sunt pariatur minus praesentium, exercitationem porro dolor. A nam esse recusandae id?",/Courses/7.jpg,Ottavio Manna,tutor@example.com,3.4,24.99,EUR,20.99,EUR
8,L'arte del te,"Lorem ipsum dolor sit amet consectetur adipisicing elit. Et minima sunt quia nulla voluptate, illum eum incidunt repudiandae beatae, vero accusantium minus hic eveniet omnis laborum architecto inventore dolores molestias? Placeat sequi sapiente hic culpa optio quisquam est fugiat dolorem itaque non, quasi cum voluptates quidem repudiandae doloribus? Autem mollitia esse odio nihil atque non ea quisquam consequuntur exercitationem? Amet! Non ut itaque qui tempore illum! Amet, accusamus minima. Ut rerum praesentium obcaecati sint, accusantium maxime odio voluptatibus quaerat repudiandae corrupti magnam, non perferendis. Officia recusandae delectus dolor quidem reprehenderit! Dolores eos eveniet quod molestiae praesentium earum fugit similique fugiat? Molestias veniam eos enim! Ad, id. Rem similique explicabo deleniti possimus facilis rerum deserunt minus aperiam suscipit! Ipsa, id laudantium. Rem distinctio ex magni unde doloremque a, quae nesciunt, obcaecati animi perspiciatis earum, vel consectetur pariatur tempora dicta. Quos architecto delectus, quis nostrum repudiandae molestiae quas distinctio atque cupiditate temporibus? Deserunt optio molestias alias aspernatur. Ducimus veniam quibusdam, sit saepe illum officiis obcaecati dolore atque totam consequatur exercitationem facilis similique magnam esse et consectetur non temporibus pariatur quae culpa iure? Asperiores reprehenderit, dolores rerum, impedit perferendis voluptatem vero aspernatur odit ipsa possimus nobis. Corrupti harum velit, totam delectus perspiciatis aut necessitatibus odio quasi quisquam, suscipit culpa laborum numquam, voluptatibus vel. Omnis minima quam explicabo deleniti quos accusamus magni provident soluta ex molestias impedit commodi reiciendis, enim rem assumenda sunt pariatur minus praesentium, exercitationem porro dolor. A nam esse recusandae id?",/Courses/8.jpg,Furio Bianchi,tutor@example.com,4,15.99,EUR,12.99,EUR
9,Cucina giapponese per tutti,"Lorem ipsum dolor sit amet consectetur adipisicing elit. Et minima sunt quia nulla voluptate, illum eum incidunt repudiandae beatae, vero accusantium minus hic eveniet omnis laborum architecto inventore dolores molestias? Placeat sequi sapiente hic culpa optio quisquam est fugiat dolorem itaque non, quasi cum voluptates quidem repudiandae doloribus? Autem mollitia esse odio nihil atque non ea quisquam consequuntur exercitationem? Amet! Non ut itaque qui tempore illum! Amet, accusamus minima. Ut rerum praesentium obcaecati sint, accusantium maxime odio voluptatibus quaerat repudiandae corrupti magnam, non perferendis. Officia recusandae delectus dolor quidem reprehenderit! Dolores eos eveniet quod molestiae praesentium earum fugit similique fugiat? Molestias veniam eos enim! Ad, id. Rem similique explicabo deleniti possimus facilis rerum deserunt minus aperiam suscipit! Ipsa, id laudantium. Rem distinctio ex magni unde doloremque a, quae nesciunt, obcaecati animi perspiciatis earum, vel consectetur pariatur tempora dicta. Quos architecto delectus, quis nostrum repudiandae molestiae quas distinctio atque cupiditate temporibus? Deserunt optio molestias alias aspernatur. Ducimus veniam quibusdam, sit saepe illum officiis obcaecati dolore atque totam consequatur exercitationem facilis similique magnam esse et consectetur non temporibus pariatur quae culpa iure? Asperiores reprehenderit, dolores rerum, impedit perferendis voluptatem vero aspernatur odit ipsa possimus nobis. Corrupti harum velit, totam delectus perspiciatis aut necessitatibus odio quasi quisquam, suscipit culpa laborum numquam, voluptatibus vel. Omnis minima quam explicabo deleniti quos accusamus magni provident soluta ex molestias impedit commodi reiciendis, enim rem assumenda sunt pariatur minus praesentium, exercitationem porro dolor. A nam esse recusandae id?",/Courses/9.jpg,Crescenzo Cattaneo,tutor@example.com,3,7.99,EUR,7.99,EUR
10,Giardinaggio: livello base,"Lorem ipsum dolor sit amet consectetur adipisicing elit. Et minima sunt quia nulla voluptate, illum eum incidunt repudiandae beatae, vero accusantium minus hic eveniet omnis laborum architecto inventore dolores molestias? Placeat sequi sapiente hic culpa optio quisquam est fugiat dolorem itaque non, quasi cum voluptates quidem repudiandae doloribus? Autem mollitia esse odio nihil atque non ea quisquam consequuntur exercitationem? Amet! Non ut itaque qui tempore illum! Amet, accusamus minima. Ut rerum praesentium obcaecati sint, accusantium maxime odio voluptatibus quaerat repudiandae corrupti magnam, non perferendis. Officia recusandae delectus dolor quidem reprehenderit! Dolores eos eveniet quod molestiae praesentium earum fugit similique fugiat? Molestias veniam eos enim! Ad, id. Rem similique explicabo deleniti possimus facilis rerum deserunt minus aperiam suscipit! Ipsa, id laudantium. Rem distinctio ex magni unde doloremque a, quae nesciunt, obcaecati animi perspiciatis earum, vel consectetur pariatur tempora dicta. Quos architecto delectus, quis nostrum repudiandae molestiae quas distinctio atque cupiditate temporibus? Deserunt optio molestias alias aspernatur. Ducimus veniam quibusdam, sit saepe illum officiis obcaecati dolore atque totam consequatur exercitationem facilis similique magnam esse et consectetur non temporibus pariatur quae culpa iure? Asperiores reprehenderit, dolores rerum, impedit perferendis voluptatem vero aspernatur odit ipsa possimus nobis. Corrupti harum velit, totam delectus perspiciatis aut necessitatibus odio quasi quisquam, suscipit culpa laborum numquam, voluptatibus vel. Omnis minima quam explicabo deleniti quos accusamus magni provident soluta ex molestias impedit commodi reiciendis, enim rem assumenda sunt pariatur minus praesentium, exercitationem porro dolor. A nam esse recusandae id?",/Courses/10.jpg,Enea Padovano,tutor@example.com,3.4,10.99,EUR,10.99,EUR
11,Come fare gli origami,"Lorem ipsum dolor sit amet consectetur adipisicing elit. Et minima sunt quia nulla voluptate, illum eum incidunt repudiandae beatae, vero accusantium minus hic eveniet omnis laborum architecto inventore dolores molestias? Placeat sequi sapiente hic culpa optio quisquam est fugiat dolorem itaque non, quasi cum voluptates quidem repudiandae doloribus? Autem mollitia esse odio nihil atque non ea quisquam consequuntur exercitationem? Amet! Non ut itaque qui tempore illum! Amet, accusamus minima. Ut rerum praesentium obcaecati sint, accusantium maxime odio voluptatibus quaerat repudiandae corrupti magnam, non perferendis. Officia recusandae delectus dolor quidem reprehenderit! Dolores eos eveniet quod molestiae praesentium earum fugit similique fugiat? Molestias veniam eos enim! Ad, id. Rem similique explicabo deleniti possimus facilis rerum deserunt minus aperiam suscipit! Ipsa, id laudantium. Rem distinctio ex magni unde doloremque a, quae nesciunt, obcaecati animi perspiciatis earum, vel consectetur pariatur tempora dicta. Quos architecto delectus, quis nostrum repudiandae molestiae quas distinctio atque cupiditate temporibus? Deserunt optio molestias alias aspernatur. Ducimus veniam quibusdam, sit saepe illum officiis obcaecati dolore atque totam consequatur exercitationem facilis similique magnam esse et consectetur non temporibus pariatur quae culpa iure? Asperiores reprehenderit, dolores rerum, impedit perferendis voluptatem vero aspernatur odit ipsa possimus nobis. Corrupti harum velit, totam delectus perspiciatis aut necessitatibus odio quasi quisquam, suscipit culpa laborum numquam, voluptatibus vel. Omnis minima quam explicabo deleniti quos accusamus magni provident soluta ex molestias impedit commodi reiciendis, enim rem assumenda sunt pariatur minus praesentium, exercitationem porro dolor. A nam esse recusandae id?",/Courses/11.jpg,Nella Pisano,tutor@example.com,4.6,34.99,EUR,30.99,EUR
12,Come fare il crochet,"Lorem ipsum dolor sit amet consectetur adipisicing elit. Et minima sunt quia nulla voluptate, illum eum incidunt repudiandae beatae, vero accusantium minus hic eveniet omnis laborum architecto inventore dolores molestias? Placeat sequi sapiente hic culpa optio quisquam est fugiat dolorem itaque non, quasi cum voluptates quidem repudiandae doloribus? Autem mollitia esse odio nihil atque non ea quisquam consequuntur exercitationem? Amet! Non ut itaque qui tempore illum! Amet, accusamus minima. Ut rerum praesentium obcaecati sint, accusantium maxime odio voluptatibus quaerat repudiandae corrupti magnam, non perferendis. Officia recusandae delectus dolor quidem reprehenderit! Dolores eos eveniet quod molestiae praesentium earum fugit similique fugiat? Molestias veniam eos enim! Ad, id. Rem similique explicabo deleniti possimus facilis rerum deserunt minus aperiam suscipit! Ipsa, id laudantium. Rem distinctio ex magni unde doloremque a, quae nesciunt, obcaecati animi perspiciatis earum, vel consectetur pariatur tempora dicta. Quos architecto delectus, quis nostrum repudiandae molestiae quas distinctio atque cupiditate temporibus? Deserunt optio molestias alias aspernatur. Ducimus veniam quibusdam, sit saepe illum officiis obcaecati dolore atque totam consequatur exercitationem facilis similique magnam esse et consectetur non temporibus pariatur quae culpa iure? Asperiores reprehenderit, dolores rerum, impedit perferendis voluptatem vero aspernatur odit ipsa possimus nobis. Corrupti harum velit, totam delectus perspiciatis aut necessitatibus odio quasi quisquam, suscipit culpa laborum numquam, voluptatibus vel. Omnis minima quam explicabo deleniti quos accusamus magni provident soluta ex molestias impedit commodi reiciendis, enim rem assumenda sunt pariatur minus praesentium, exercitationem porro dolor. A nam esse recusandae id?",/Courses/12.jpg,Calogero Trevisano,tutor@example.com,4,18.99,EUR,15.99,EUR
13,Il tuo orto bio,"Lorem ipsum dolor sit amet consectetur adipisicing elit. Et minima sunt quia nulla voluptate, illum eum incidunt repudiandae beatae, vero accusantium minus hic eveniet omnis laborum architecto inventore dolores molestias? Placeat sequi sapiente hic culpa optio quisquam est fugiat dolorem itaque non, quasi cum voluptates quidem repudiandae doloribus? Autem mollitia esse odio nihil atque non ea quisquam consequuntur exercitationem? Amet! Non ut itaque qui tempore illum! Amet, accusamus minima. Ut rerum praesentium obcaecati sint, accusantium maxime odio voluptatibus quaerat repudiandae corrupti magnam, non perferendis. Officia recusandae delectus dolor quidem reprehenderit! Dolores eos eveniet quod molestiae praesentium earum fugit similique fugiat? Molestias veniam eos enim! Ad, id. Rem similique explicabo deleniti possimus facilis rerum deserunt minus aperiam suscipit! Ipsa, id laudantium. Rem distinctio ex magni unde doloremque a, quae nesciunt, obcaecati animi perspiciatis earum, vel consectetur pariatur tempora dicta. Quos architecto delectus, quis nostrum repudiandae molestiae quas distinctio atque cupiditate temporibus? Deserunt optio molestias alias aspernatur. Ducimus veniam quibusdam, sit saepe illum officiis obcaecati dolore atque totam consequatur exercitationem facilis similique magnam esse et consectetur non temporibus pariatur quae culpa iure? Asperiores reprehenderit, dolores rerum, impedit perferendis voluptatem vero aspernatur odit ipsa possimus nobis. Corrupti harum velit, totam delectus perspiciatis aut necessitatibus odio quasi quisquam, suscipit culpa laborum numquam, voluptatibus vel. Omnis minima quam explicabo deleniti quos accusamus magni provident soluta ex molestias impedit commodi reiciendis, enim rem assumenda sunt pariatur minus praesentium, exercitationem porro dolor. A nam esse recusandae id?",/Courses/13.jpg,Fausto Toscani,tutor@example.com,2.7,13.99,EUR,13.99,EUR
14,Le basi del Cake design,"Lorem ipsum dolor sit amet consectetur adipisicing elit. Et minima sunt quia nulla voluptate, illum eum incidunt repudiandae beatae, vero accusantium minus hic eveniet omnis laborum architecto inventore dolores molestias? Placeat sequi sapiente hic culpa optio quisquam est fugiat dolorem itaque non, quasi cum voluptates quidem repudiandae doloribus? Autem mollitia esse odio nihil atque non ea quisquam consequuntur exercitationem? Amet! Non ut itaque qui tempore illum! Amet, accusamus minima. Ut rerum praesentium obcaecati sint, accusantium maxime odio voluptatibus quaerat repudiandae corrupti magnam, non perferendis. Officia recusandae delectus dolor quidem reprehenderit! Dolores eos eveniet quod molestiae praesentium earum fugit similique fugiat? Molestias veniam eos enim! Ad, id. Rem similique explicabo deleniti possimus facilis rerum deserunt minus aperiam suscipit! Ipsa, id laudantium. Rem distinctio ex magni unde doloremque a, quae nesciunt, obcaecati animi perspiciatis earum, vel consectetur pariatur tempora dicta. Quos architecto delectus, quis nostrum repudiandae molestiae quas distinctio atque cupiditate temporibus? Deserunt optio molestias alias aspernatur. Ducimus veniam quibusdam, sit saepe illum officiis obcaecati dolore atque totam consequatur exercitationem facilis similique magnam esse et consectetur non temporibus pariatur quae culpa iure? Asperiores reprehenderit, dolores rerum, impedit perferendis voluptatem vero aspernatur odit ipsa possimus nobis. Corrupti harum velit, totam delectus perspiciatis aut necessitatibus odio quasi quisquam, suscipit culpa laborum numquam, voluptatibus vel. Omnis minima quam explicabo deleniti quos accusamus magni provident soluta ex molestias impedit commodi reiciendis, enim rem assumenda sunt pariatur minus praesentium, exercitationem porro dolor. A nam esse recusandae id?",/Courses/14.jpg,Elsa De Luca,tutor@example.com,3.9,8.99,EUR,5.99,EUR
15,Impariamo il francese,"Lorem ipsum dolor sit amet consectetur adipisicing elit. Et minima sunt quia nulla voluptate, illum eum incidunt repudiandae beatae, vero accusantium minus hic eveniet omnis laborum architecto inventore dolores molestias? Placeat sequi sapiente hic culpa optio quisquam est fugiat dolorem itaque non, quasi cum voluptates quidem repudiandae doloribus? Autem mollitia esse odio nihil atque non ea quisquam consequuntur exercitationem? Amet! Non ut itaque qui tempore illum! Amet, accusamus minima. Ut rerum praesentium obcaecati sint, accusantium maxime odio voluptatibus quaerat repudiandae corrupti magnam, non perferendis. Officia recusandae delectus dolor quidem reprehenderit! Dolores eos eveniet quod molestiae praesentium earum fugit similique fugiat? Molestias veniam eos enim! Ad, id. Rem similique explicabo deleniti possimus facilis rerum deserunt minus aperiam suscipit! Ipsa, id laudantium. Rem distinctio ex magni unde doloremque a, quae nesciunt, obcaecati animi perspiciatis earum, vel consectetur pariatur tempora dicta. Quos architecto delectus, quis nostrum repudiandae molestiae quas distinctio atque cupiditate temporibus? Deserunt optio molestias alias aspernatur. Ducimus veniam quibusdam, sit saepe illum officiis obcaecati dolore atque totam consequatur exercitationem facilis similique magnam esse et consectetur non temporibus pariatur quae culpa iure? Asperiores reprehenderit, dolores rerum, impedit perferendis voluptatem vero aspernatur odit ipsa possimus nobis. Corrupti harum velit, totam delectus perspiciatis aut necessitatibus odio quasi quisquam, suscipit culpa laborum numquam, voluptatibus vel. Omnis minima quam explicabo deleniti quos accusamus magni provident soluta ex molestias impedit commodi reiciendis, enim rem assumenda sunt pariatur minus praesentium, exercitationem porro dolor. A nam esse recusandae id?",/Courses/15.jpg,Ambrosino Nucci,tutor@example.com,4,11.99,EUR,10.99,EUR
16,Spagnolo per principianti,"Lorem ipsum dolor sit amet consectetur adipisicing elit. Et minima sunt quia nulla voluptate, illum eum incidunt repudiandae beatae, vero accusantium minus hic eveniet omnis laborum architecto inventore dolores molestias? Placeat sequi sapiente hic culpa optio quisquam est fugiat dolorem itaque non, quasi cum voluptates quidem repudiandae doloribus? Autem mollitia esse odio nihil atque non ea quisquam consequuntur exercitationem? Amet! Non ut itaque qui tempore illum! Amet, accusamus minima. Ut rerum praesentium obcaecati sint, accusantium maxime odio voluptatibus quaerat repudiandae corrupti magnam, non perferendis. Officia recusandae delectus dolor quidem reprehenderit! Dolores eos eveniet quod molestiae praesentium earum fugit similique fugiat? Molestias veniam eos enim! Ad, id. Rem similique explicabo deleniti possimus facilis rerum deserunt minus aperiam suscipit! Ipsa, id laudantium. Rem distinctio ex magni unde doloremque a, quae nesciunt, obcaecati animi perspiciatis earum, vel consectetur pariatur tempora dicta. Quos architecto delectus, quis nostrum repudiandae molestiae quas distinctio atque cupiditate temporibus? Deserunt optio molestias alias aspernatur. Ducimus veniam quibusdam, sit saepe illum officiis obcaecati dolore atque totam consequatur exercitationem facilis similique magnam esse et consectetur non temporibus pariatur quae culpa iure? Asperiores reprehenderit, dolores rerum, impedit perferendis voluptatem vero aspernatur odit ipsa possimus nobis. Corrupti harum velit, totam delectus perspiciatis aut necessitatibus odio quasi quisquam, suscipit culpa laborum numquam, voluptatibus vel. Omnis minima quam explicabo deleniti quos accusamus magni provident soluta ex molestias impedit commodi reiciendis, enim rem assumenda sunt pariatur minus praesentium, exercitationem porro dolor. A nam esse recusandae id?",/Courses/16.jpg,Antonella Zetticci,tutor@example.com,3.7,14.99,EUR,14.99,EUR
17,Impariamo a dipingere,"Lorem ipsum dolor sit amet consectetur adipisicing elit. Et minima sunt quia nulla voluptate, illum eum incidunt repudiandae beatae, vero accusantium minus hic eveniet omnis laborum architecto inventore dolores molestias? Placeat sequi sapiente hic culpa optio quisquam est fugiat dolorem itaque non, quasi cum voluptates quidem repudiandae doloribus? Autem mollitia esse odio nihil atque non ea quisquam consequuntur exercitationem? Amet! Non ut itaque qui tempore illum! Amet, accusamus minima. Ut rerum praesentium obcaecati sint, accusantium maxime odio voluptatibus quaerat repudiandae corrupti magnam, non perferendis. Officia recusandae delectus dolor quidem reprehenderit! Dolores eos eveniet quod molestiae praesentium earum fugit similique fugiat? Molestias veniam eos enim! Ad, id. Rem similique explicabo deleniti possimus facilis rerum deserunt minus aperiam suscipit! Ipsa, id laudantium. Rem distinctio ex magni unde doloremque a, quae nesciunt, obcaecati animi perspiciatis earum, vel consectetur pariatur tempora dicta. Quos architecto delectus, quis nostrum repudiandae molestiae quas distinctio atque cupiditate temporibus? Deserunt optio molestias alias aspernatur. Ducimus veniam quibusdam, sit saepe illum officiis obcaecati dolore atque totam consequatur exercitationem facilis similique magnam esse et consectetur non temporibus pariatur quae culpa iure? Asperiores reprehenderit, dolores rerum, impedit perferendis voluptatem vero aspernatur odit ipsa possimus nobis. Corrupti harum velit, totam delectus perspiciatis aut necessitatibus odio quasi quisquam, suscipit culpa laborum numquam, voluptatibus vel. Omnis minima quam explicabo deleniti quos accusamus magni provident soluta ex molestias impedit commodi reiciendis, enim rem assumenda sunt pariatur minus praesentium, exercitationem porro dolor. A nam esse recusandae id?",/Courses/17.jpg,Miranda Milanesi,tutor@example.com,4.2,10.99,EUR,10.99,EUR
18,Corso di intaglio: livello avanzato,"Lorem ipsum dolor sit amet consectetur adipisicing elit. Et minima sunt quia nulla voluptate, illum eum incidunt repudiandae beatae, vero accusantium minus hic eveniet omnis laborum architecto inventore dolores molestias? Placeat sequi sapiente hic culpa optio quisquam est fugiat dolorem itaque non, quasi cum voluptates quidem repudiandae doloribus? Autem mollitia esse odio nihil atque non ea quisquam consequuntur exercitationem? Amet! Non ut itaque qui tempore illum! Amet, accusamus minima. Ut rerum praesentium obcaecati sint, accusantium maxime odio voluptatibus quaerat repudiandae corrupti magnam, non perferendis. Officia recusandae delectus dolor quidem reprehenderit! Dolores eos eveniet quod molestiae praesentium earum fugit similique fugiat? Molestias veniam eos enim! Ad, id. Rem similique explicabo deleniti possimus facilis rerum deserunt minus aperiam suscipit! Ipsa, id laudantium. Rem distinctio ex magni unde doloremque a, quae nesciunt, obcaecati animi perspiciatis earum, vel consectetur pariatur tempora dicta. Quos architecto delectus, quis nostrum repudiandae molestiae quas distinctio atque cupiditate temporibus? Deserunt optio molestias alias aspernatur. Ducimus veniam quibusdam, sit saepe illum officiis obcaecati dolore atque totam consequatur exercitationem facilis similique magnam esse et consectetur non temporibus pariatur quae culpa iure? Asperiores reprehenderit, dolores rerum, impedit perferendis voluptatem vero aspernatur odit ipsa possimus nobis. Corrupti harum velit, totam delectus perspiciatis aut necessitatibus odio quasi quisquam, suscipit culpa laborum numquam, voluptatibus vel. Omnis minima quam explicabo deleniti quos accusamus magni provident soluta ex molestias impedit commodi reiciendis, enim rem assumenda sunt pariatur minus praesentium, exercitationem porro dolor. A nam esse recusandae id?",/Courses/18.jpg,Eric Mazzanti,tutor@example.com,2.9,29.99,EUR,25.99,EUR
19,Web marketing facile,"Lorem ipsum dolor sit amet consectetur adipisicing elit. Et minima sunt quia nulla voluptate, illum eum incidunt repudiandae beatae, vero accusantium minus hic eveniet omnis laborum architecto inventore dolores molestias? Placeat sequi sapiente hic culpa optio quisquam est fugiat dolorem itaque non, quasi cum voluptates quidem repudiandae doloribus? Autem mollitia esse odio nihil atque non ea quisquam consequuntur exercitationem? Amet! Non ut itaque qui tempore illum! Amet, accusamus minima. Ut rerum praesentium obcaecati sint, accusantium maxime odio voluptatibus quaerat repudiandae corrupti magnam, non perferendis. Officia recusandae delectus dolor quidem reprehenderit! Dolores eos eveniet quod molestiae praesentium earum fugit similique fugiat? Molestias veniam eos enim! Ad, id. Rem similique explicabo deleniti possimus facilis rerum deserunt minus aperiam suscipit! Ipsa, id laudantium. Rem distinctio ex magni unde doloremque a, quae nesciunt, obcaecati animi perspiciatis earum, vel consectetur pariatur tempora dicta. Quos architecto delectus, quis nostrum repudiandae molestiae quas distinctio atque cupiditate temporibus? Deserunt optio molestias alias aspernatur. Ducimus veniam quibusdam, sit saepe illum officiis obcaecati dolore atque totam consequatur exercitationem facilis similique magnam esse et consectetur non temporibus pariatur quae culpa iure? Asperiores reprehenderit, dolores rerum, impedit perferendis voluptatem vero aspernatur odit ipsa possimus nobis. Corrupti harum velit, totam delectus perspiciatis aut necessitatibus odio quasi quisquam, suscipit culpa laborum numquam, voluptatibus vel. Omnis minima quam explicabo deleniti quos accusamus magni provident soluta ex molestias impedit commodi reiciendis, enim rem assumenda sunt pariatur minus praesentium, exercitationem porro dolor. A nam esse recusandae id?",/Courses/19.jpg,Adelinda Greco,tutor@example.com,4.9,19.99,EUR,17.99,EUR
20,Guida al dimagrimeno,"Lorem ipsum dolor sit amet consectetur adipisicing elit. Et minima sunt quia nulla voluptate, illum eum incidunt repudiandae beatae, vero accusantium minus hic eveniet omnis laborum architecto inventore dolores molestias? Placeat sequi sapiente hic culpa optio quisquam est fugiat dolorem itaque non, quasi cum voluptates quidem repudiandae doloribus? Autem mollitia esse odio nihil atque non ea quisquam consequuntur exercitationem? Amet! Non ut itaque qui tempore illum! Amet, accusamus minima. Ut rerum praesentium obcaecati sint, accusantium maxime odio voluptatibus quaerat repudiandae corrupti magnam, non perferendis. Officia recusandae delectus dolor quidem reprehenderit! Dolores eos eveniet quod molestiae praesentium earum fugit similique fugiat? Molestias veniam eos enim! Ad, id. Rem similique explicabo deleniti possimus facilis rerum deserunt minus aperiam suscipit! Ipsa, id laudantium. Rem distinctio ex magni unde doloremque a, quae nesciunt, obcaecati animi perspiciatis earum, vel consectetur pariatur tempora dicta. Quos architecto delectus, quis nostrum repudiandae molestiae quas distinctio atque cupiditate temporibus? Deserunt optio molestias alias aspernatur. Ducimus veniam quibusdam, sit saepe illum officiis obcaecati dolore atque totam consequatur exercitationem facilis similique magnam esse et consectetur non temporibus pariatur quae culpa iure? Asperiores reprehenderit, dolores rerum, impedit perferendis voluptatem vero aspernatur odit ipsa possimus nobis. Corrupti harum velit, totam delectus perspiciatis aut necessitatibus odio quasi quisquam, suscipit culpa laborum numquam, voluptatibus vel. Omnis minima quam explicabo deleniti quos accusamus magni provident soluta ex molestias impedit commodi reiciendis, enim rem assumenda sunt pariatur minus praesentium, exercitationem porro dolor. A nam esse recusandae id?",/Courses/20.jpg,Serena Pagnotto,tutor@example.com,4.2,7.99,EUR,7.99,EUR
21,Siti responsive con HTML5,"Lorem ipsum dolor sit amet consectetur adipisicing elit. Et minima sunt quia nulla voluptate, illum eum incidunt repudiandae beatae, vero accusantium minus hic eveniet omnis laborum architecto inventore dolores molestias? Placeat sequi sapiente hic culpa optio quisquam est fugiat dolorem itaque non, quasi cum voluptates quidem repudiandae doloribus? Autem mollitia esse odio nihil atque non ea quisquam consequuntur exercitationem? Amet! Non ut itaque qui tempore illum! Amet, accusamus minima. Ut rerum praesentium obcaecati sint, accusantium maxime odio voluptatibus quaerat repudiandae corrupti magnam, non perferendis. Officia recusandae delectus dolor quidem reprehenderit! Dolores eos eveniet quod molestiae praesentium earum fugit similique fugiat? Molestias veniam eos enim! Ad, id. Rem similique explicabo deleniti possimus facilis rerum deserunt minus aperiam suscipit! Ipsa, id laudantium. Rem distinctio ex magni unde doloremque a, quae nesciunt, obcaecati animi perspiciatis earum, vel consectetur pariatur tempora dicta. Quos architecto delectus, quis nostrum repudiandae molestiae quas distinctio atque cupiditate temporibus? Deserunt optio molestias alias aspernatur. Ducimus veniam quibusdam, sit saepe illum officiis obcaecati dolore atque totam consequatur exercitationem facilis similique magnam esse et consectetur non temporibus pariatur quae culpa iure? Asperiores reprehenderit, dolores rerum, impedit perferendis voluptatem vero aspernatur odit ipsa possimus nobis. Corrupti harum velit, totam delectus perspiciatis aut necessitatibus odio quasi quisquam, suscipit culpa laborum numquam, voluptatibus vel. Omnis minima quam explicabo deleniti quos accusamus magni provident soluta ex molestias impedit commodi reiciendis, enim rem assumenda sunt pariatur minus praesentium, exercitationem porro dolor. A nam esse recusandae id?",/Courses/21.jpg,Penelope Lucchesi,tutor@example.com,3.2,24.99,EUR,20.99,EUR
22,Condurre un'attività di successo,"Lorem ipsum dolor sit amet consectetur adipisicing elit. Et minima sunt quia nulla voluptate, illum eum incidunt repudiandae beatae, vero accusantium minus hic eveniet omnis laborum architecto inventore dolores molestias? Placeat sequi sapiente hic culpa optio quisquam est fugiat dolorem itaque non, quasi cum voluptates quidem repudiandae doloribus? Autem mollitia esse odio nihil atque non ea quisquam consequuntur exercitationem? Amet! Non ut itaque qui tempore illum! Amet, accusamus minima. Ut rerum praesentium obcaecati sint, accusantium maxime odio voluptatibus quaerat repudiandae corrupti magnam, non perferendis. Officia recusandae delectus dolor quidem reprehenderit! Dolores eos eveniet quod molestiae praesentium earum fugit similique fugiat? Molestias veniam eos enim! Ad, id. Rem similique explicabo deleniti possimus facilis rerum deserunt minus aperiam suscipit! Ipsa, id laudantium. Rem distinctio ex magni unde doloremque a, quae nesciunt, obcaecati animi perspiciatis earum, vel consectetur pariatur tempora dicta. Quos architecto delectus, quis nostrum repudiandae molestiae quas distinctio atque cupiditate temporibus? Deserunt optio molestias alias aspernatur. Ducimus veniam quibusdam, sit saepe illum officiis obcaecati dolore atque totam consequatur exercitationem facilis similique magnam esse et consectetur non temporibus pariatur quae culpa iure? Asperiores reprehenderit, dolores rerum, impedit perferendis voluptatem vero aspernatur odit ipsa possimus nobis. Corrupti harum velit, totam delectus perspiciatis aut necessitatibus odio quasi quisquam, suscipit culpa laborum numquam, voluptatibus vel. Omnis minima quam explicabo deleniti quos accusamus magni provident soluta ex molestias impedit commodi reiciendis, enim rem assumenda sunt pariatur minus praesentium, exercitationem porro dolor. A nam esse recusandae id?",/Courses/22.jpg,Alfredo Genovesi,tutor@example.com,3.9,15.99,EUR,12.99,EUR
23,Pianoforte: livello intermdio,"Lorem ipsum dolor sit amet consectetur adipisicing elit. Et minima sunt quia nulla voluptate, illum eum incidunt repudiandae beatae, vero accusantium minus hic eveniet omnis laborum architecto inventore dolores molestias? Placeat sequi sapiente hic culpa optio quisquam est fugiat dolorem itaque non, quasi cum voluptates quidem repudiandae doloribus? Autem mollitia esse odio nihil atque non ea quisquam consequuntur exercitationem? Amet! Non ut itaque qui tempore illum! Amet, accusamus minima. Ut rerum praesentium obcaecati sint, accusantium maxime odio voluptatibus quaerat repudiandae corrupti magnam, non perferendis. Officia recusandae delectus dolor quidem reprehenderit! Dolores eos eveniet quod molestiae praesentium earum fugit similique fugiat? Molestias veniam eos enim! Ad, id. Rem similique explicabo deleniti possimus facilis rerum deserunt minus aperiam suscipit! Ipsa, id laudantium. Rem distinctio ex magni unde doloremque a, quae nesciunt, obcaecati animi perspiciatis earum, vel consectetur pariatur tempora dicta. Quos architecto delectus, quis nostrum repudiandae molestiae quas distinctio atque cupiditate temporibus? Deserunt optio molestias alias aspernatur. Ducimus veniam quibusdam, sit saepe illum officiis obcaecati dolore atque totam consequatur exercitationem facilis similique magnam esse et consectetur non temporibus pariatur quae culpa iure? Asperiores reprehenderit, dolores rerum, impedit perferendis voluptatem vero aspernatur odit ipsa possimus nobis. Corrupti harum velit, totam delectus perspiciatis aut necessitatibus odio quasi quisquam, suscipit culpa laborum numquam, voluptatibus vel. Omnis minima quam explicabo deleniti quos accusamus magni provident soluta ex molestias impedit commodi reiciendis, enim rem assumenda sunt pariatur minus praesentium, exercitationem porro dolor. A nam esse recusandae id?",/Courses/23.jpg,Rodrigo Bellucci,tutor@example.com,4,7.99,EUR,7.99,EUR
24,Diventa esperto in Java,"Lorem ipsum dolor sit amet consectetur adipisicing elit. Et minima sunt quia nulla voluptate, illum eum incidunt repudiandae beatae, vero accusantium minus hic eveniet omnis laborum architecto inventore dolores molestias? Placeat sequi sapiente hic culpa optio quisquam est fugiat dolorem itaque non, quasi cum voluptates quidem repudiandae doloribus? Autem mollitia esse odio nihil atque non ea quisquam consequuntur exercitationem? Amet! Non ut itaque qui tempore illum! Amet, accusamus minima. Ut rerum praesentium obcaecati sint, accusantium maxime odio voluptatibus quaerat repudiandae corrupti magnam, non perferendis. Officia recusandae delectus dolor quidem reprehenderit! Dolores eos eveniet quod molestiae praesentium earum fugit similique fugiat? Molestias veniam eos enim! Ad, id. Rem similique explicabo deleniti possimus facilis rerum deserunt minus aperiam suscipit! Ipsa, id laudantium. Rem distinctio ex magni unde doloremque a, quae nesciunt, obcaecati animi perspiciatis earum, vel consectetur pariatur tempora dicta. Quos architecto delectus, quis nostrum repudiandae molestiae quas distinctio atque cupiditate temporibus? Deserunt optio molestias alias aspernatur. Ducimus veniam quibusdam, sit saepe illum officiis obcaecati dolore atque totam consequatur exercitationem facilis similique magnam esse et consectetur non temporibus pariatur quae culpa iure? Asperiores reprehenderit, dolores rerum, impedit perferendis voluptatem vero aspernatur odit ipsa possimus nobis. Corrupti harum velit, totam delectus perspiciatis aut necessitatibus odio quasi quisquam, suscipit culpa laborum numquam, voluptatibus vel. Omnis minima quam explicabo deleniti quos accusamus magni provident soluta ex molestias impedit commodi reiciendis, enim rem assumenda sunt pariatur minus praesentium, exercitationem porro dolor. A nam esse recusandae id?",/Courses/24.jpg,Rosetta Monaldo,tutor@example.com,3,10.99,EUR,10.99,EUR
25,Impara a riparare i computer,"Lorem ipsum dolor sit amet consectetur adipisicing elit. Et minima sunt quia nulla voluptate, illum eum incidunt repudiandae beatae, vero accusantium minus hic eveniet omnis laborum architecto inventore dolores molestias? Placeat sequi sapiente hic culpa optio quisquam est fugiat dolorem itaque non, quasi cum voluptates quidem repudiandae doloribus? Autem mollitia esse odio nihil atque non ea quisquam consequuntur exercitationem? Amet! Non ut itaque qui tempore illum! Amet, accusamus minima. Ut rerum praesentium obcaecati sint, accusantium maxime odio voluptatibus quaerat repudiandae corrupti magnam, non perferendis. Officia recusandae delectus dolor quidem reprehenderit! Dolores eos eveniet quod molestiae praesentium earum fugit similique fugiat? Molestias veniam eos enim! Ad, id. Rem similique explicabo deleniti possimus facilis rerum deserunt minus aperiam suscipit! Ipsa, id laudantium. Rem distinctio ex magni unde doloremque a, quae nesciunt, obcaecati animi perspiciatis earum, vel consectetur pariatur tempora dicta. Quos architecto delectus, quis nostrum repudiandae molestiae quas distinctio atque cupiditate temporibus? Deserunt optio molestias alias aspernatur. Ducimus veniam quibusdam, sit saepe illum officiis obcaecati dolore atque totam consequatur exercitationem facilis similique magnam esse et consectetur non temporibus pariatur quae culpa iure? Asperiores reprehenderit, dolores rerum, impedit perferendis voluptatem vero aspernatur odit ipsa possimus nobis. Corrupti harum velit, totam delectus perspiciatis aut necessitatibus odio quasi quisquam, suscipit culpa laborum numquam, voluptatibus vel. Omnis minima quam explicabo deleniti quos accusamus magni provident soluta ex molestias impedit commodi reiciendis, enim rem assumenda sunt pariatur minus praesentium, exercitationem porro dolor. A nam esse recusandae id?",/Courses/25.jpg,Azzurra Ricci,tutor@example.com,3.7,34.99,EUR,34.99,EUR
26,Autotuning per principianti,"Lorem ipsum dolor sit amet consectetur adipisicing elit. Et minima sunt quia nulla voluptate, illum eum incidunt repudiandae beatae, vero accusantium minus hic eveniet omnis laborum architecto inventore dolores molestias? Placeat sequi sapiente hic culpa optio quisquam est fugiat dolorem itaque non, quasi cum voluptates quidem repudiandae doloribus? Autem mollitia esse odio nihil atque non ea quisquam consequuntur exercitationem? Amet! Non ut itaque qui tempore illum! Amet, accusamus minima. Ut rerum praesentium obcaecati sint, accusantium maxime odio voluptatibus quaerat repudiandae corrupti magnam, non perferendis. Officia recusandae delectus dolor quidem reprehenderit! Dolores eos eveniet quod molestiae praesentium earum fugit similique fugiat? Molestias veniam eos enim! Ad, id. Rem similique explicabo deleniti possimus facilis rerum deserunt minus aperiam suscipit! Ipsa, id laudantium. Rem distinctio ex magni unde doloremque a, quae nesciunt, obcaecati animi perspiciatis earum, vel consectetur pariatur tempora dicta. Quos architecto delectus, quis nostrum repudiandae molestiae quas distinctio atque cupiditate temporibus? Deserunt optio molestias alias aspernatur. Ducimus veniam quibusdam, sit saepe illum officiis obcaecati dolore atque totam consequatur exercitationem facilis similique magnam esse et consectetur non temporibus pariatur quae culpa iure? Asperiores reprehenderit, dolores rerum, impedit perferendis voluptatem vero aspernatur odit ipsa possimus nobis. Corrupti harum velit, totam delectus perspiciatis aut necessitatibus odio quasi quisquam, suscipit culpa laborum numquam, voluptatibus vel. Omnis minima quam explicabo deleniti quos accusamus magni provident soluta ex molestias impedit commodi reiciendis, enim rem assumenda sunt pariatur minus praesentium, exercitationem porro dolor. A nam esse recusandae id?",/Courses/26.jpg,Marcella Barese,tutor@example.com,3.8,18.99,EUR,15.99,EUR
27,Guida al restauro,"Lorem ipsum dolor sit amet consectetur adipisicing elit. Et minima sunt quia nulla voluptate, illum eum incidunt repudiandae beatae, vero accusantium minus hic eveniet omnis laborum architecto inventore dolores molestias? Placeat sequi sapiente hic culpa optio quisquam est fugiat dolorem itaque non, quasi cum voluptates quidem repudiandae doloribus? Autem mollitia esse odio nihil atque non ea quisquam consequuntur exercitationem? Amet! Non ut itaque qui tempore illum! Amet, accusamus minima. Ut rerum praesentium obcaecati sint, accusantium maxime odio voluptatibus quaerat repudiandae corrupti magnam, non perferendis. Officia recusandae delectus dolor quidem reprehenderit! Dolores eos eveniet quod molestiae praesentium earum fugit similique fugiat? Molestias veniam eos enim! Ad, id. Rem similique explicabo deleniti possimus facilis rerum deserunt minus aperiam suscipit! Ipsa, id laudantium. Rem distinctio ex magni unde doloremque a, quae nesciunt, obcaecati animi perspiciatis earum, vel consectetur pariatur tempora dicta. Quos architecto delectus, quis nostrum repudiandae molestiae quas distinctio atque cupiditate temporibus? Deserunt optio molestias alias aspernatur. Ducimus veniam quibusdam, sit saepe illum officiis obcaecati dolore atque totam consequatur exercitationem facilis similique magnam esse et consectetur non temporibus pariatur quae culpa iure? Asperiores reprehenderit, dolores rerum, impedit perferendis voluptatem vero aspernatur odit ipsa possimus nobis. Corrupti harum velit, totam delectus perspiciatis aut necessitatibus odio quasi quisquam, suscipit culpa laborum numquam, voluptatibus vel. Omnis minima quam explicabo deleniti quos accusamus magni provident soluta ex molestias impedit commodi reiciendis, enim rem assumenda sunt pariatur minus praesentium, exercitationem porro dolor. A nam esse recusandae id?",/Courses/27.jpg,Duilio Ferri,tutor@example.com,2,13.99,EUR,13.99,EUR
28,Pilota il tuo drone,"Lorem ipsum dolor sit amet consectetur adipisicing elit. Et minima sunt quia nulla voluptate, illum eum incidunt repudiandae beatae, vero accusantium minus hic eveniet omnis laborum architecto inventore dolores molestias? Placeat sequi sapiente hic culpa optio quisquam est fugiat dolorem itaque non, quasi cum voluptates quidem repudiandae doloribus? Autem mollitia esse odio nihil atque non ea quisquam consequuntur exercitationem? Amet! Non ut itaque qui tempore illum! Amet, accusamus minima. Ut rerum praesentium obcaecati sint, accusantium maxime odio voluptatibus quaerat repudiandae corrupti magnam, non perferendis. Officia recusandae delectus dolor quidem reprehenderit! Dolores eos eveniet quod molestiae praesentium earum fugit similique fugiat? Molestias veniam eos enim! Ad, id. Rem similique explicabo deleniti possimus facilis rerum deserunt minus aperiam suscipit! Ipsa, id laudantium. Rem distinctio ex magni unde doloremque a, quae nesciunt, obcaecati animi perspiciatis earum, vel consectetur pariatur tempora dicta. Quos architecto delectus, quis nostrum repudiandae molestiae quas distinctio atque cupiditate temporibus? Deserunt optio molestias alias aspernatur. Ducimus veniam quibusdam, sit saepe illum officiis obcaecati dolore atque totam consequatur exercitationem facilis similique magnam esse et consectetur non temporibus pariatur quae culpa iure? Asperiores reprehenderit, dolores rerum, impedit perferendis voluptatem vero aspernatur odit ipsa possimus nobis. Corrupti harum velit, totam delectus perspiciatis aut necessitatibus odio quasi quisquam, suscipit culpa laborum numquam, voluptatibus vel. Omnis minima quam explicabo deleniti quos accusamus magni provident soluta ex molestias impedit commodi reiciendis, enim rem assumenda sunt pariatur minus praesentium, exercitationem porro dolor. A nam esse recusandae id?",/Courses/28.jpg,Davide Fosca,tutor@example.com,3.7,8.99,EUR,5.99,EUR
29,L'ABC della coltura idroponica,"Lorem ipsum dolor sit amet consectetur adipisicing elit. Et minima sunt quia nulla voluptate, illum eum incidunt repudiandae beatae, vero accusantium minus hic eveniet omnis laborum architecto inventore dolores molestias? Placeat sequi sapiente hic culpa optio quisquam est fugiat dolorem itaque non, quasi cum voluptates quidem repudiandae doloribus? Autem mollitia esse odio nihil atque non ea quisquam consequuntur exercitationem? Amet! Non ut itaque qui tempore illum! Amet, accusamus minima. Ut rerum praesentium obcaecati sint, accusantium maxime odio voluptatibus quaerat repudiandae corrupti magnam, non perferendis. Officia recusandae delectus dolor quidem reprehenderit! Dolores eos eveniet quod molestiae praesentium earum fugit similique fugiat? Molestias veniam eos enim! Ad, id. Rem similique explicabo deleniti possimus facilis rerum deserunt minus aperiam suscipit! Ipsa, id laudantium. Rem distinctio ex magni unde doloremque a, quae nesciunt, obcaecati animi perspiciatis earum, vel consectetur pariatur tempora dicta. Quos architecto delectus, quis nostrum repudiandae molestiae quas distinctio atque cupiditate temporibus? Deserunt optio molestias alias aspernatur. Ducimus veniam quibusdam, sit saepe illum officiis obcaecati dolore atque totam consequatur exercitationem facilis similique magnam esse et consectetur non temporibus pariatur quae culpa iure? Asperiores reprehenderit, dolores rerum, impedit perferendis voluptatem vero aspernatur odit ipsa possimus nobis. Corrupti harum velit, totam delectus perspiciatis aut necessitatibus odio quasi quisquam, suscipit culpa laborum numquam, voluptatibus vel. Omnis minima quam explicabo deleniti quos accusamus magni provident soluta ex molestias impedit commodi reiciendis, enim rem assumenda sunt pariatur minus praesentium, exercitationem porro dolor. A nam esse recusandae id?",/Courses/29.jpg,Mariano Cocci,tutor@example.com,4.4,19.99,EUR,19.99,EUR
30,Iniziare con Arduino e sensori,"Lorem ipsum dolor sit amet consectetur adipisicing elit. Et minima sunt quia nulla voluptate, illum eum incidunt repudiandae beatae, vero accusantium minus hic eveniet omnis laborum architecto inventore dolores molestias? Placeat sequi sapiente hic culpa optio quisquam est fugiat dolorem itaque non, quasi cum voluptates quidem repudiandae doloribus? Autem mollitia esse odio nihil atque non ea quisquam consequuntur exercitationem? Amet! Non ut itaque qui tempore illum! Amet, accusamus minima. Ut rerum praesentium obcaecati sint, accusantium maxime odio voluptatibus quaerat repudiandae corrupti magnam, non perferendis. Officia recusandae delectus dolor quidem reprehenderit! Dolores eos eveniet quod molestiae praesentium earum fugit similique fugiat? Molestias veniam eos enim! Ad, id. Rem similique explicabo deleniti possimus facilis rerum deserunt minus aperiam suscipit! Ipsa, id laudantium. Rem distinctio ex magni unde doloremque a, quae nesciunt, obcaecati animi perspiciatis earum, vel consectetur pariatur tempora dicta. Quos architecto delectus, quis nostrum repudiandae molestiae quas distinctio atque cupiditate temporibus? Deserunt optio molestias alias aspernatur. Ducimus veniam quibusdam, sit saepe illum officiis obcaecati dolore atque totam consequatur exercitationem facilis similique magnam esse et consectetur non temporibus pariatur quae culpa iure? Asperiores reprehenderit, dolores rerum, impedit perferendis voluptatem vero aspernatur odit ipsa possimus nobis. Corrupti harum velit, totam delectus perspiciatis aut necessitatibus odio quasi quisquam, suscipit culpa laborum numquam, voluptatibus vel. Omnis minima quam explicabo deleniti quos accusamus magni provident soluta ex molestias impedit commodi reiciendis, enim rem assumenda sunt pariatur minus praesentium, exercitationem porro dolor. A nam esse recusandae id?",/Courses/30.jpg,Vanna Palermo,tutor@example.com,4.3,7.99,EUR,7.99,EUR
31,Sommelier in 15 giorni,"Lorem ipsum dolor sit amet consectetur adipisicing elit. Et minima sunt quia nulla voluptate, illum eum incidunt repudiandae beatae, vero accusantium minus hic eveniet omnis laborum architecto inventore dolores molestias? Placeat sequi sapiente hic culpa optio quisquam est fugiat dolorem itaque non, quasi cum voluptates quidem repudiandae doloribus? Autem mollitia esse odio nihil atque non ea quisquam consequuntur exercitationem? Amet! Non ut itaque qui tempore illum! Amet, accusamus minima. Ut rerum praesentium obcaecati sint, accusantium maxime odio voluptatibus quaerat repudiandae corrupti magnam, non perferendis. Officia recusandae delectus dolor quidem reprehenderit! Dolores eos eveniet quod molestiae praesentium earum fugit similique fugiat? Molestias veniam eos enim! Ad, id. Rem similique explicabo deleniti possimus facilis rerum deserunt minus aperiam suscipit! Ipsa, id laudantium. Rem distinctio ex magni unde doloremque a, quae nesciunt, obcaecati animi perspiciatis earum, vel consectetur pariatur tempora dicta. Quos architecto delectus, quis nostrum repudiandae molestiae quas distinctio atque cupiditate temporibus? Deserunt optio molestias alias aspernatur. Ducimus veniam quibusdam, sit saepe illum officiis obcaecati dolore atque totam consequatur exercitationem facilis similique magnam esse et consectetur non temporibus pariatur quae culpa iure? Asperiores reprehenderit, dolores rerum, impedit perferendis voluptatem vero aspernatur odit ipsa possimus nobis. Corrupti harum velit, totam delectus perspiciatis aut necessitatibus odio quasi quisquam, suscipit culpa laborum numquam, voluptatibus vel. Omnis minima quam explicabo deleniti quos accusamus magni provident soluta ex molestias impedit commodi reiciendis, enim rem assumenda sunt pariatur minus praesentium, exercitationem porro dolor. A nam esse recusandae id?",/Courses/31.jpg,Angelo Endrizzi,tutor@example.com,3.1,24.99,EUR,20.99,EUR
32,L'arte dell'Ikebana,"Lorem ipsum dolor sit amet consectetur adipisicing elit. Et minima sunt quia nulla voluptate, illum eum incidunt repudiandae beatae, vero accusantium minus hic eveniet omnis laborum architecto inventore dolores molestias? Placeat sequi sapiente hic culpa optio quisquam est fugiat dolorem itaque non, quasi cum voluptates quidem repudiandae doloribus? Autem mollitia esse odio nihil atque non ea quisquam consequuntur exercitationem? Amet! Non ut itaque qui tempore illum! Amet, accusamus minima. Ut rerum praesentium obcaecati sint, accusantium maxime odio voluptatibus quaerat repudiandae corrupti magnam, non perferendis. Officia recusandae delectus dolor quidem reprehenderit! Dolores eos eveniet quod molestiae praesentium earum fugit similique fugiat? Molestias veniam eos enim! Ad, id. Rem similique explicabo deleniti possimus facilis rerum deserunt minus aperiam suscipit! Ipsa, id laudantium. Rem distinctio ex magni unde doloremque a, quae nesciunt, obcaecati animi perspiciatis earum, vel consectetur pariatur tempora dicta. Quos architecto delectus, quis nostrum repudiandae molestiae quas distinctio atque cupiditate temporibus? Deserunt optio molestias alias aspernatur. Ducimus veniam quibusdam, sit saepe illum officiis obcaecati dolore atque totam consequatur exercitationem facilis similique magnam esse et consectetur non temporibus pariatur quae culpa iure? Asperiores reprehenderit, dolores rerum, impedit perferendis voluptatem vero aspernatur odit ipsa possimus nobis. Corrupti harum velit, totam delectus perspiciatis aut necessitatibus odio quasi quisquam, suscipit culpa laborum numquam, voluptatibus vel. Omnis minima quam explicabo deleniti quos accusamus magni provident soluta ex molestias impedit commodi reiciendis, enim rem assumenda sunt pariatur minus praesentium, exercitationem porro dolor. A nam esse recusandae id?",/Courses/32.jpg,Anastasia Trentini,tutor@example.com,4.2,15.99,EUR,12.99,EUR
37,Il mio Corso,,/Courses/default.png,Mario Rossi,,0,0,EUR,0,EUR
49,Questa è una prova 2,,/Courses/default.png,Mario Rossi,,0,0,EUR,0,EUR
